{
  "image_width": 640,
  "image_height": 480,
  "camera_matrix": [
    [
      648.086278227619,
      0.0,
      319.1134780129781
    ],
    [
      0.0,
      648.5350675645523,
      225.03351919881936
    ],
    [
      0.0,
      0.0,
      1.0
    ]
  ],
  "dist_coeffs": [
    [
      0.1911246438005041,
      -1.0950552296893963,
      -0.0015424832519929125,
      -0.008169705314691215,
      2.301651262622871
    ]
  ],
  "rms": 0.32452871760809954,
  "used_images": 38,
  "dictionary": "DICT_4X4_1000",
  "squares_x": 7,
  "squares_y": 5,
  "square_length_m": 0.03,
  "marker_length_m": 0.022,
  "start_id": 30
}